{"cameraMode":{"drawMode":0,"name":"Shaded","section":"Shading Mode"},"sceneLighting":true,"audioPlay":false,"sceneViewState":{"showFog":true,"showMaterialUpdate":false,"showSkybox":true,"showFlares":true,"showImageEffects":true,"showParticleSystems":true},"in2DMode":false,"pivot":{"x":-0.29483187198638918,"y":-1.202728271484375,"z":0.20869731903076173},"rotation":{"x":-0.2157570719718933,"y":0.055873285979032519,"z":-0.011978198774158955,"w":-0.9747735857963562},"size":14.524886131286621,"orthographic":false}